{
  "type": "minecraft:decorated",
  "config": {
    "decorator": {
      "type": "minecraft:decorated",
      "config": {
        "outer": {
          "type": "minecraft:square",
          "config": {}
        },
        "inner": {
          "type": "minecraft:heightmap",
          "config": {
            "heightmap": "MOTION_BLOCKING"
          }
        }
      }
    },
    "feature": {
      "type": "minecraft:decorated",
      "config": {
        "decorator": {
          "type": "minecraft:chance",
          "config": {
            "chance": 3
          }
        },
        "feature": {
          "type": "minecraft:flower",
          "config": {
            "can_replace": false,
            "project": true,
            "need_water": false,
            "xspread": 7,
            "yspread": 3,
            "zspread": 7,
            "tries": 64,
            "state_provider": {
              "type": "minecraft:simple_state_provider",
              "state": {
                "Name": "minecraft:dandelion"
              }
            },
            "block_placer": {
              "type": "minecraft:simple_block_placer"
            },
            "whitelist": [],
            "blacklist": []
          }
        }
      }
    }
  }
}