{
  "type": "minecraft:decorated",
  "config": {
    "decorator": {
      "type": "minecraft:count",
      "config": {
        "count": 64
      }
    },
    "feature": {
      "type": "minecraft:decorated",
      "config": {
        "decorator": {
          "type": "minecraft:decorated",
          "config": {
            "outer": {
              "type": "minecraft:square",
              "config": {}
            },
            "inner": {
              "type": "minecraft:range",
              "config": {
                "height": {
                  "type": "minecraft:trapezoid",
                  "min_inclusive": {
                    "absolute": 73
                  },
                  "max_inclusive": {
                    "absolute": 74
                  }
                }
              }
            }
          }
        },
        "feature": {
          "type": "minecraft:ore",
          "config": {
            "size": 10,
            "discard_chance_on_air_exposure": 0,
            "targets": [
              {
                "target": {
                  "predicate_type": "minecraft:block_match",
                  "block": "minecraft:terracotta"
                },
                "state": {
                  "Name": "minecraft:grass_block",
                  "Properties": {
                    "snowy": "false"
                  }
                }
              }
            ]
          }
        }
      }
    }
  }
}
