{
  "config": {
    "feature": {
      "config": {
        "feature": {
          "config": {
            "size": 20,
            "discard_chance_on_air_exposure": 0,
            "targets": [
              {
                "target": {
                  "block": "minecraft:red_sand",
                  "predicate_type": "minecraft:block_match"
                },
                "state": {
                  "Properties": {
                    "snowy": "false"
                  },
                  "Name": "minecraft:grass_block"
                }
              }
            ]
          },
          "type": "minecraft:ore"
        },
        "decorator": {
          "config": {
            "outer": {
              "config": {},
              "type": "minecraft:square"
            },
            "inner": {
              "config": {
                "heightmap": "MOTION_BLOCKING"
              },
              "type": "minecraft:heightmap"
            }
          },
          "type": "minecraft:decorated"
        }
      },
      "type": "minecraft:decorated"
    },
    "decorator": {
      "config": {
        "count": 5
      },
      "type": "minecraft:count"
    }
  },
  "type": "minecraft:decorated"
}
