{
  "type": "minecraft:decorated",
  "config": {
    "decorator": {
      "type": "minecraft:count",
      "config": {
        "count": 32
      }
    },
    "feature": {
      "type": "minecraft:decorated",
      "config": {
        "decorator": {
          "type": "minecraft:decorated",
          "config": {
            "outer": {
              "type": "minecraft:square",
              "config": {}
            },
            "inner": {
              "type": "minecraft:heightmap",
              "config": {
                "heightmap": "MOTION_BLOCKING"
              }
            }
          }
        },
        "feature": {
          "type": "minecraft:random_selector",
          "config": {
            "features": [],
            "default": {
              "type": "minecraft:random_patch",
              "config": {
                "can_replace": false,
                "project": false,
                "need_water": false,
                "xspread": 10,
                "yspread": 1,
                "zspread": 10,
                "tries": 16,
                "state_provider": {
                  "type": "minecraft:simple_state_provider",
                  "state": {
                    "Name": "minecraft:dark_oak_leaves",
                    "Properties": {
                      "persistent": "true",
                      "distance": "7"
                    }
                  }
                },
                "block_placer": {
                  "type": "minecraft:simple_block_placer"
                },
                "whitelist": [
                  {
                    "Name": "minecraft:dark_oak_leaves",
                    "Properties": {
                      "persistent": "true",
                      "distance": "7"
                    }
                  }
                ],
                "blacklist": []
              }
            }
          }
        }
      }
    }
  }
}
