{
  "type": "minecraft:decorated",
  "config": {
    "decorator": {
      "type": "minecraft:count_noise_biased",
      "config": {
        "noise_to_count_ratio": 200,
        "noise_factor": 150,
        "noise_offset": 0.25
      }
    },
    "feature": {
      "type": "minecraft:decorated",
      "config": {
        "decorator": {
          "type": "minecraft:count_noise_biased",
          "config": {
            "noise_to_count_ratio": -200,
            "noise_factor": 150,
            "noise_offset": -0.25
          }
        },
        "feature": {
          "type": "minecraft:decorated",
          "config": {
            "decorator": {
              "type": "minecraft:square",
              "config": {}
            },
            "feature": {
              "type": "minecraft:decorated",
              "config": {
                "decorator": {
                  "type": "minecraft:range",
                  "config": {
                    "height": {
                      "type": "minecraft:uniform",
                      "min_inclusive": {
                        "absolute": 50
                      },
                      "max_inclusive": {
                        "absolute": 100
                      }
                    }
                  }
                },
                "feature": {
                  "type": "minecraft:ore",
                  "config": {
                    "size": 64,
                    "discard_chance_on_air_exposure": 0,
                    "targets": [
                      {
                        "target": {
                          "predicate_type": "minecraft:block_match",
                          "block": "minecraft:stone"
                        },
                        "state": {
                          "Name": "minecraft:dead_brain_coral_block",
                          "Properties": {}
                        }
                      }
                    ]
                  }
                }
              }
            }
          }
        }
      }
    }
  }
}
