{
  "type": "minecraft:decorated",
  "config": {
    "decorator": {
      "type": "minecraft:count_extra",
      "config": {
        "count": 200,
        "extra_count": 0,
        "extra_chance": 0
      }
    },
    "feature": {
      "type": "minecraft:decorated",
      "config": {
        "decorator": {
          "type": "minecraft:decorated",
          "config": {
            "outer": {
              "type": "minecraft:square",
              "config": {}
            },
            "inner": {
              "type": "minecraft:heightmap",
              "config": {
                "heightmap": "OCEAN_FLOOR_WG"
              }
            }
          }
        },
        "feature": {
          "type": "minecraft:disk",
          "config": {
            "state": {
              "Name": "minecraft:sand"
            },
            "radius": {
              "type": "minecraft:uniform",
              "value": {
                "min_inclusive": 2,
                "max_inclusive": 5
              }
            },
            "half_height": 1.0,
            "targets": [
              {
                "Name": "minecraft:stone"
              },
              {
                "Name": "minecraft:diorite"
              },
              {
                "Name": "minecraft:calcite"
              }
            ]
          }
        }
      }
    }
  }
}
