{
  "config": {
    "feature": {
      "config": {
        "feature": {
          "config": {
            "can_replace": true,
            "project": false,
            "need_water": false,
            "xspread": 0,
            "yspread": 0,
            "zspread": 4,
            "whitelist": [
              {
                "Properties": {
                  "snowy": "false"
                },
                "Name": "minecraft:grass_block"
              }
            ],
            "blacklist": [],
            "tries": 64,
            "state_provider": {
              "state": {
                "Name": "minecraft:quartz_pillar",
                "Properties": {
                  "axis": "z"
                }
              },
              "type": "minecraft:simple_state_provider"
            },
            "block_placer": {
              "type": "minecraft:simple_block_placer"
            }
          },
          "type": "minecraft:random_patch"
        },
        "decorator": {
          "config": {
            "outer": {
              "config": {},
              "type": "minecraft:square"
            },
            "inner": {
              "config": {
                "heightmap": "MOTION_BLOCKING"
              },
              "type": "minecraft:heightmap_spread_double"
            }
          },
          "type": "minecraft:decorated"
        }
      },
      "type": "minecraft:decorated"
    },
    "decorator": {
      "config": {
        "count": 7
      },
      "type": "minecraft:count"
    }
  },
  "type": "minecraft:decorated"
}
