{
  "config": {
    "feature": {
      "config": {
        "feature": {
          "config": {
            "feature": {
              "config": {
                "feature": {
                  "config": {
                    "to_place": {
                      "type": "minecraft:simple_state_provider",
                      "state": {
                        "Properties": {
                          "axis": "y"
                        },
                        "Name": "minecraft:dark_oak_log"
                      }
                    },
                    "place_on": [
                      {
                        "Properties": {
                          "snowy": "false"
                        },
                        "Name": "minecraft:grass_block"
                      }
                    ],
                    "place_in": [
                      {
                        "Name": "minecraft:grass"
                      }
                    ],
                    "place_under": [
                      {
                        "Properties": {
                          "axis": "y"
                        },
                        "Name": "minecraft:dark_oak_log"
                      }
                    ]
                  },
                  "type": "minecraft:simple_block"
                },
                "decorator": {
                  "config": {},
                  "type": "minecraft:nope"
                }
              },
              "type": "minecraft:decorated"
            },
            "decorator": {
              "config": {
                "outer": {
                  "config": {},
                  "type": "minecraft:square"
                },
                "inner": {
                  "config": {
                    "height": {
                      "type": "minecraft:uniform",
                      "min_inclusive": {
                        "absolute": 60
                      },
                      "max_inclusive": {
                        "absolute": 153
                      }
                    }
                  },
                  "type": "minecraft:range"
                }
              },
              "type": "minecraft:decorated"
            }
          },
          "type": "minecraft:decorated"
        },
        "decorator": {
          "config": {
            "count": 64
          },
          "type": "minecraft:count"
        }
      },
      "type": "minecraft:decorated"
    },
    "decorator": {
      "config": {
        "noise_level": -1,
        "below_noise": -250,
        "above_noise": 250
      },
      "type": "minecraft:count_noise"
    }
  },
  "type": "minecraft:decorated"
}
