{
  "config": {
    "decorator": {
      "type": "decorated",
      "config": {
        "outer": {
          "type": "minecraft:water_depth_threshold",
          "config": {
            "max_water_depth": 3
          }
        },
        "inner": {
          "type": "minecraft:heightmap",
          "config": {
            "heightmap": "OCEAN_FLOOR"
          }
        }
      }
    },
    "feature": {
      "type": "minecraft:tree",
      "config": {
        "ignore_vines": true,
        "minimum_size": {
          "limit": 1,
          "lower_size": 1,
          "upper_size": 2,
          "type": "minecraft:two_layers_feature_size"
        },
        "decorators": [],
        "trunk_provider": {
          "entries": [
            {
              "weight": 10,
              "data": {
                "Properties": {
                  "axis": "y"
                },
                "Name": "minecraft:stripped_dark_oak_log"
              }
            },
            {
              "weight": 2,
              "data": {
                "Properties": {
                  "axis": "y"
                },
                "Name": "minecraft:dark_oak_log"
              }
            }
          ],
          "type": "minecraft:weighted_state_provider"
        },
        "foliage_placer": {
          "radius": 2,
          "offset": 4,
          "height": 4,
          "type": "minecraft:fancy_foliage_placer"
        },
        "trunk_placer": {
          "base_height": 10,
          "height_rand_a": 2,
          "height_rand_b": 6,
          "type": "minecraft:fancy_trunk_placer"
        },
        "foliage_provider": {
          "entries": [
            {
              "weight": 0,
              "data": {
                "Name": "minecraft:cobweb"
              }
            },
            {
              "weight": 20,
              "data": {
                "Name": "minecraft:air"
              }
            },
            {
              "weight": 0,
              "data": {
                "Properties": {
                  "axis": "y"
                },
                "Name": "minecraft:stripped_dark_oak_log"
              }
            }
          ],
          "type": "minecraft:weighted_state_provider"
        },
        "force_dirt": false,
        "dirt_provider": {
          "type": "minecraft:simple_state_provider",
          "state": {
            "Name": "minecraft:dirt"
          }
        },
        "sapling_provider": {
          "type": "minecraft:simple_state_provider",
          "state": {
            "Name": "minecraft:oak_sapling",
            "Properties": {
              "stage": "0"
            }
          }
        }
      }
    }
  },
  "type": "minecraft:decorated"
}
