{
  "type": "minecraft:decorated",
  "config": {
    "decorator": {
      "type": "decorated",
      "config": {
        "outer": {
          "type": "minecraft:water_depth_threshold",
          "config": {
            "max_water_depth": 0
          }
        },
        "inner": {
          "type": "minecraft:heightmap",
          "config": {
            "heightmap": "WORLD_SURFACE_WG"
          }
        }
      }
    },
    "feature": {
      "type": "minecraft:tree",
      "config": {
        "ignore_vines": false,
        "minimum_size": {
          "type": "minecraft:two_layers_feature_size",
          "limit": 0,
          "lower_size": 0,
          "upper_size": 0
        },
        "trunk_provider": {
          "type": "minecraft:simple_state_provider",
          "state": {
            "Name": "minecraft:dark_oak_log",
            "Properties": {
              "axis": "y"
            }
          }
        },
        "trunk_placer": {
          "type": "minecraft:fancy_trunk_placer",
          "base_height": 22,
          "height_rand_a": 4,
          "height_rand_b": 0
        },
        "foliage_placer": {
          "type": "minecraft:jungle_foliage_placer",
          "radius": 2,
          "offset": 1,
          "height": 1
        },
        "decorators": [],
        "foliage_provider": {
          "type": "minecraft:simple_state_provider",
          "state": {
            "Name": "minecraft:dark_oak_leaves",
            "Properties": {
              "persistent": "false",
              "distance": "7"
            }
          }
        },
        "force_dirt": false,
        "dirt_provider": {
          "type": "minecraft:simple_state_provider",
          "state": {
            "Name": "minecraft:dirt"
          }
        },
        "sapling_provider": {
          "type": "minecraft:simple_state_provider",
          "state": {
            "Name": "minecraft:dark_oak_sapling",
            "Properties": {
              "stage": "0"
            }
          }
        }
      }
    }
  }
}
