{
  "scale": 0.6,
  "effects": {
    "mood_sound": {
      "sound": "minecraft:ambient.cave",
      "tick_delay": 6000,
      "block_search_extent": 8,
      "offset": 2
    },
    "sky_color": 7842047,
    "fog_color": 12638463,
    "water_color": 3156992,
    "water_fog_color": 2302743
  },
  "surface_builder": "wythers:bamboo_jungle_hills",
  "carvers": {
    "air": [
      "terralith:noodle_ravine",
      "terralith:flat_cave",
      "terralith:tall_cave",
      "minecraft:prototype_cave",
      "minecraft:prototype_canyon",
      "minecraft:prototype_crevice"
    ]
  },
  "features": [
    [
      "wythers:jungle/bamboo_hills_ore_grass",
      "wythers:jungle/bamboo_hills_bamboo"
    ],
    [
      "minecraft:lake_water"
    ],
    [
      "minecraft:amethyst_geode"
    ],
    [
      "minecraft:monster_room"
    ],
    [],
    [],
    [
      "wythers:jungle/hills_y127_simple_stone",
      "wythers:generic/ore_base_smooth_red_sandstone",
      "minecraft:prototype_ore_dirt",
      "minecraft:prototype_ore_gravel",
      "minecraft:prototype_ore_granite",
      "minecraft:prototype_ore_diorite",
      "minecraft:prototype_ore_andesite",
      "minecraft:prototype_ore_tuff",
      "minecraft:prototype_ore_coal_upper",
      "minecraft:prototype_ore_coal_lower",
      "minecraft:prototype_ore_iron_upper",
      "minecraft:prototype_ore_iron_middle",
      "minecraft:prototype_ore_iron_small",
      "minecraft:prototype_ore_gold",
      "minecraft:prototype_ore_redstone",
      "minecraft:prototype_ore_redstone_lower",
      "minecraft:prototype_ore_diamond",
      "minecraft:prototype_ore_diamond_large",
      "minecraft:prototype_ore_lapis",
      "minecraft:prototype_ore_lapis_buried",
      "minecraft:prototype_ore_copper",
      "minecraft:prototype_underwater_magma",
      "minecraft:disk_sand",
      "minecraft:disk_clay",
      "minecraft:disk_gravel",
      "wythers:jungle/bamboo_hills_ore_coarse_dirt_higher",
      "wythers:jungle/bamboo_hills_ore_coarse_dirt_lower"
    ],
    [
      "minecraft:rare_dripstone_cluster",
      "minecraft:rare_small_dripstone"
    ],
    [
      "minecraft:glow_lichen",
      "minecraft:brown_mushroom_normal",
      "minecraft:red_mushroom_normal",
      "minecraft:spring_water",
      "minecraft:vines",
      "wythers:jungle/bamboo_hills_vegetation",
      "wythers:jungle/groundcover_short",
      "wythers:jungle/groundcover_tall"
    ],
    [
      "minecraft:freeze_top_layer",
      "terralith:cave/lush/lush_caves_ceiling_vegetation",
      "terralith:cave/lush/cave_vines",
      "terralith:cave/lush/lush_caves_clay",
      "terralith:cave/lush/lush_caves_vegetation",
      "terralith:cave/lush/rooted_azalea_trees",
      "terralith:cave/lush/spore_blossom",
      "terralith:cave/lush/classic_vines_cave_feature",
      "terralith:cave/dripstone/large_dripstone",
      "terralith:cave/dripstone/dripstone_cluster",
      "terralith:cave/dripstone/small_dripstone",
      "wythers:caves/hanging_roots",
      "wythers:caves/grass_roots"
    ]
  ],
  "starts": [
    "more_structures:village_bamboo_jungle_hills",
    "more_structures:pillager_outpost_bamboo_jungle_hills",
    "more_structures:bastion_remnant_bamboo_jungle_hills",
    "minecraft:mineshaft",
    "minecraft:stronghold",
    "minecraft:ruined_portal_jungle"
  ],
  "spawners": {
    "monster": [
      {
        "type": "minecraft:spider",
        "weight": 100,
        "minCount": 4,
        "maxCount": 4
      },
      {
        "type": "minecraft:zombie",
        "weight": 95,
        "minCount": 4,
        "maxCount": 4
      },
      {
        "type": "minecraft:zombie_villager",
        "weight": 5,
        "minCount": 1,
        "maxCount": 1
      },
      {
        "type": "minecraft:skeleton",
        "weight": 100,
        "minCount": 4,
        "maxCount": 4
      },
      {
        "type": "minecraft:creeper",
        "weight": 100,
        "minCount": 4,
        "maxCount": 4
      },
      {
        "type": "minecraft:slime",
        "weight": 100,
        "minCount": 4,
        "maxCount": 4
      },
      {
        "type": "minecraft:enderman",
        "weight": 10,
        "minCount": 1,
        "maxCount": 4
      },
      {
        "type": "minecraft:witch",
        "weight": 5,
        "minCount": 1,
        "maxCount": 1
      },
      {
        "type": "minecraft:ocelot",
        "weight": 2,
        "minCount": 1,
        "maxCount": 1
      }
    ],
    "creature": [
      {
        "type": "minecraft:chicken",
        "weight": 10,
        "minCount": 4,
        "maxCount": 4
      },
      {
        "type": "minecraft:panda",
        "weight": 100,
        "minCount": 2,
        "maxCount": 3
      }
    ],
    "ambient": [
      {
        "type": "minecraft:bat",
        "weight": 10,
        "minCount": 8,
        "maxCount": 8
      }
    ],
    "underground_water_creature": [
      {
        "type": "minecraft:glow_squid",
        "weight": 10,
        "minCount": 4,
        "maxCount": 6
      },
      {
        "type": "minecraft:axolotl",
        "weight": 10,
        "minCount": 4,
        "maxCount": 6
      }
    ],
    "water_creature": [],
    "water_ambient": [],
    "misc": []
  },
  "spawn_costs": {},
  "player_spawn_friendly": false,
  "precipitation": "rain",
  "temperature": 0.22,
  "downfall": 0.5,
  "category": "jungle",
  "depth": 1.5
}
