{
  "surface_builder": "wythers:jungle",
  "depth": -0.05,
  "scale": 0,
  "temperature": 0.7,
  "downfall": 0.8,
  "precipitation": "rain",
  "category": "jungle",
  "player_spawn_friendly": true,
  "effects": {
    "sky_color": 7842047,
    "fog_color": 12638463,
    "water_color": 3156992,
    "water_fog_color": 2302743,
    "grass_color": 12250712,
    "grass_color_modifier": "dark_forest",
    "mood_sound": {
      "sound": "minecraft:ambient.cave",
      "tick_delay": 6000,
      "block_search_extent": 8,
      "offset": 2
    }
  },
  "starts": [
    "more_structures:village_jungle",
    "more_structures:pillager_outpost_jungle",
    "more_structures:bastion_remnant_jungle",
    "minecraft:mineshaft",
    "minecraft:stronghold",
    "minecraft:ruined_portal_jungle"
  ],
  "spawners": {
    "monster": [
      {
        "type": "minecraft:spider",
        "weight": 100,
        "minCount": 4,
        "maxCount": 4
      },
      {
        "type": "minecraft:zombie",
        "weight": 100,
        "minCount": 4,
        "maxCount": 4
      },
      {
        "type": "minecraft:zombie_villager",
        "weight": 5,
        "minCount": 1,
        "maxCount": 1
      },
      {
        "type": "minecraft:skeleton",
        "weight": 100,
        "minCount": 4,
        "maxCount": 4
      },
      {
        "type": "minecraft:creeper",
        "weight": 100,
        "minCount": 4,
        "maxCount": 4
      },
      {
        "type": "minecraft:slime",
        "weight": 100,
        "minCount": 4,
        "maxCount": 4
      },
      {
        "type": "minecraft:enderman",
        "weight": 10,
        "minCount": 1,
        "maxCount": 4
      },
      {
        "type": "minecraft:witch",
        "weight": 10,
        "minCount": 1,
        "maxCount": 1
      },
      {
        "type": "minecraft:ocelot",
        "weight": 4,
        "minCount": 1,
        "maxCount": 3
      }
    ],
    "creature": [
      {
        "type": "minecraft:pig",
        "weight": 20,
        "minCount": 4,
        "maxCount": 4
      },
      {
        "type": "minecraft:hoglin",
        "weight": 20,
        "minCount": 4,
        "maxCount": 4
      },
      {
        "type": "minecraft:chicken",
        "weight": 100,
        "minCount": 4,
        "maxCount": 4
      },
      {
        "type": "minecraft:parrot",
        "weight": 100,
        "minCount": 4,
        "maxCount": 6
      }
    ],
    "ambient": [
      {
        "type": "minecraft:bat",
        "weight": 10,
        "minCount": 8,
        "maxCount": 8
      }
    ],
    "underground_water_creature": [
      {
        "type": "minecraft:glow_squid",
        "weight": 10,
        "minCount": 4,
        "maxCount": 6
      },
      {
        "type": "minecraft:axolotl",
        "weight": 10,
        "minCount": 4,
        "maxCount": 6
      }
    ],
    "water_creature": [
      {
        "type": "minecraft:dolphin",
        "weight": 1,
        "minCount": 1,
        "maxCount": 2
      }
    ],
    "water_ambient": [
      {
        "type": "minecraft:pufferfish",
        "weight": 15,
        "minCount": 1,
        "maxCount": 3
      },
      {
        "type": "minecraft:tropical_fish",
        "weight": 25,
        "minCount": 8,
        "maxCount": 8
      }
    ],
    "misc": []
  },
  "spawn_costs": {
    "minecraft:dolphin": {
      "energy_budget": 0.18,
      "charge": 1
    }
  },
  "carvers": {
    "air": [
      "terralith:noodle_ravine",
      "terralith:flat_cave",
      "terralith:tall_cave",
      "minecraft:prototype_cave",
      "minecraft:prototype_canyon",
"terralith:big_cave_entrance"
    ]
  },
  "features": [
    [
      "wythers:jungle/cnb_tall_rainforest_vegetation",
      "wythers:jungle/cnb_rainforest_vegetation",
      "wythers:jungle/cnb_emergent_eucalyptus_tall_rainforest_vegetation",
      "wythers:jungle/cnb_emergent_eucalyptus_rainforest_vegetation"
    ],
    [],
    [
      "minecraft:amethyst_geode"
    ],
    [
      "minecraft:monster_room"
    ],
    [],
    [],
    [
      "minecraft:prototype_ore_dirt",
      "minecraft:prototype_ore_gravel",
      "minecraft:prototype_ore_granite",
      "minecraft:prototype_ore_diorite",
      "minecraft:prototype_ore_andesite",
      "minecraft:prototype_ore_tuff",
      "minecraft:prototype_ore_coal_upper",
      "minecraft:prototype_ore_coal_lower",
      "minecraft:prototype_ore_iron_upper",
      "minecraft:prototype_ore_iron_middle",
      "minecraft:prototype_ore_iron_small",
      "minecraft:prototype_ore_gold",
      "minecraft:prototype_ore_redstone",
      "minecraft:prototype_ore_redstone_lower",
      "minecraft:prototype_ore_diamond",
      "minecraft:prototype_ore_diamond_large",
      "minecraft:prototype_ore_lapis",
      "minecraft:prototype_ore_lapis_buried",
      "minecraft:prototype_ore_copper",
      "minecraft:prototype_underwater_magma",
      "minecraft:disk_sand",
      "minecraft:disk_clay",
      "minecraft:disk_gravel",
      "wythers:jungle/cnb_disk_sand",
      "wythers:jungle/cnb_simple_moss_blocks"
    ],
    [
      "minecraft:rare_dripstone_cluster",
      "minecraft:rare_small_dripstone"
    ],
    [
      "minecraft:glow_lichen",
      "wythers:generic/flower_lily_of_the_valley",
      "wythers:jungle/cnb_sandy_vegetation",
      "wythers:jungle/cnb_heightmap_ore_sand",
      "wythers:jungle/cnb_heightmap_ore_path",
      "wythers:jungle/groundcover_tall",
      "wythers:jungle/groundcover_short",
      "wythers:jungle/bamboo",
      "minecraft:patch_dead_bush",
      "wythers:jungle/cnb_patch_flowers_double",
      "minecraft:patch_waterlilly",
      "minecraft:brown_mushroom_normal",
      "minecraft:red_mushroom_normal",
      "wythers:jungle/patch_sugar_cane",
      "minecraft:patch_melon",
      "minecraft:spring_water",
      "minecraft:vines",
      "wythers:jungle/rainforest_simple_block_branch_soil",
      "wythers:jungle/simple_block_blue_orchid",
      "wythers:jungle/simple_block_lily_of_the_valley",
      "wythers:generic/patch_stones_south_1",
      "wythers:generic/patch_stones_east_1",
      "minecraft:seagrass_swamp"
    ],
    [
      "minecraft:freeze_top_layer",
      "terralith:cave/lush/lush_caves_ceiling_vegetation",
      "terralith:cave/lush/cave_vines",
      "terralith:cave/lush/lush_caves_clay",
      "terralith:cave/lush/lush_caves_vegetation",
      "terralith:cave/lush/rooted_azalea_trees",
      "terralith:cave/lush/spore_blossom",
      "terralith:cave/lush/classic_vines_cave_feature",
      "terralith:cave/dripstone/large_dripstone",
      "terralith:cave/dripstone/dripstone_cluster",
      "terralith:cave/dripstone/small_dripstone",
      "wythers:caves/hanging_roots",
      "wythers:caves/grass_roots",
      "wythers:jungle/simple_block_spore_blossom",
      "wythers:jungle/simple_dripleaf_base",
      "wythers:jungle/simple_dripleaf_top",
      "wythers:jungle/simple_block_moss_carpet",
      "wythers:jungle/simple_glowvine_base",
      "wythers:jungle/simple_glowvine_middle",
      "wythers:jungle/simple_glowvine_middle",
      "wythers:jungle/simple_glowvine_tip"
    ]
  ]
}
