{
  "scale": 1.2,
  "effects": {
    "mood_sound": {
      "sound": "minecraft:ambient.cave",
      "tick_delay": 6000,
      "block_search_extent": 8,
      "offset": 2
    },
    "grass_color_modifier": "dark_forest",
    "foliage_color": 6590784,
    "sky_color": 11842740,
    "fog_color": 13158600,
    "water_color": 3156992,
    "water_fog_color": 2302743
  },
  "surface_builder": "wythers:tepui",
  "carvers": {
    "air": [
      "terralith:noodle_ravine",
      "terralith:flat_cave",
      "terralith:tall_cave",
      "minecraft:prototype_cave",
      "minecraft:prototype_canyon",
      "terralith:big_cave_entrance",
      "wythers:modified_jungle_cave",
      "wythers:modified_jungle_canyon"
    ]
  },
  "features": [
    [],
    [
      "wythers:jungle/modified_lakes",
      "wythers:jungle/tepui_pools",
      "wythers:jungle/edge_tepui_pools"
    ],
    [
      "minecraft:amethyst_geode"
    ],
    [
      "minecraft:monster_room"
    ],
    [],
    [],
    [
      "wythers:generic/ore_base_deepslate",
      "wythers:jungle/tepui_patch_cobbled_deepslate",
      "wythers:jungle/replace_ore_grass_block_to_moss_block",
      "wythers:jungle/cloud_forest_ore_grass_block_to_moss_block",
      "wythers:jungle/tepui_spring_water",
      "wythers:jungle/modified_ore_tuff",
      "wythers:jungle/modified_replace_dirt_to_stone",
      "wythers:generic/heightmap_ore_mossy_cobblestone",
      "wythers:ores/tepui_ore_emerald",
      "wythers:ores/tepui_ore_gold",
      "wythers:ores/tepui_ore_infested_deepslate",
      "minecraft:prototype_ore_dirt",
      "minecraft:prototype_ore_gravel",
      "minecraft:prototype_ore_granite",
      "minecraft:prototype_ore_diorite",
      "minecraft:prototype_ore_andesite",
      "minecraft:prototype_ore_tuff",
      "minecraft:prototype_ore_coal_upper",
      "minecraft:prototype_ore_coal_lower",
      "minecraft:prototype_ore_iron_upper",
      "minecraft:prototype_ore_iron_middle",
      "minecraft:prototype_ore_iron_small",
      "minecraft:prototype_ore_gold",
      "minecraft:prototype_ore_redstone",
      "minecraft:prototype_ore_redstone_lower",
      "minecraft:prototype_ore_diamond",
      "minecraft:prototype_ore_diamond_large",
      "minecraft:prototype_ore_lapis",
      "minecraft:prototype_ore_lapis_buried",
      "minecraft:prototype_ore_copper",
      "minecraft:prototype_underwater_magma",
      "minecraft:disk_sand",
      "minecraft:disk_clay",
      "minecraft:disk_gravel"
    ],
    [
      "wythers:jungle/modified_ore_mossy_cobblestone_in_moss_block",
      "wythers:jungle/modified_ore_tuff_in_moss_block",
      "minecraft:rare_dripstone_cluster",
      "minecraft:rare_small_dripstone"
    ],
    [
      "minecraft:glow_lichen",
      "wythers:jungle/modified_cnb_rainforest_vegetation",
      "wythers:jungle/modified_cloud_forest_vegetation",
      "wythers:generic/flower_lily_of_the_valley",
      "wythers:generic/patch_ferns_dense",
      "wythers:generic/patch_ferns_tall_dense",
      "minecraft:patch_grass_jungle",
      "minecraft:brown_mushroom_normal",
      "minecraft:red_mushroom_normal",
      "minecraft:spring_water",
      "minecraft:vines"
    ],
    [
      "minecraft:freeze_top_layer",
      "terralith:cave/lush/lush_caves_ceiling_vegetation",
      "terralith:cave/lush/cave_vines",
      "terralith:cave/lush/lush_caves_clay",
      "terralith:cave/lush/lush_caves_vegetation",
      "terralith:cave/lush/rooted_azalea_trees",
      "terralith:cave/lush/spore_blossom",
      "terralith:cave/lush/classic_vines_cave_feature",
      "terralith:cave/dripstone/large_dripstone",
      "terralith:cave/dripstone/dripstone_cluster",
      "terralith:cave/dripstone/small_dripstone",
      "wythers:caves/hanging_roots",
      "wythers:caves/grass_roots",
      "wythers:jungle/simple_block_moss_carpet_modified",
      "wythers:jungle/simple_block_moss_carpet_cloud_forest"
    ]
  ],
  "starts": [
    "more_structures:village_modified_jungle",
    "more_structures:pillager_outpost_modified_jungle",
    "more_structures:bastion_remnant_modified_jungle",
    "minecraft:mineshaft",
    "minecraft:stronghold",
    "minecraft:ruined_portal_jungle"
  ],
  "spawners": {
    "monster": [
      {
        "type": "minecraft:spider",
        "weight": 100,
        "minCount": 4,
        "maxCount": 4
      },
      {
        "type": "minecraft:zombie",
        "weight": 95,
        "minCount": 4,
        "maxCount": 4
      },
      {
        "type": "minecraft:zombie_villager",
        "weight": 5,
        "minCount": 1,
        "maxCount": 1
      },
      {
        "type": "minecraft:skeleton",
        "weight": 100,
        "minCount": 4,
        "maxCount": 4
      },
      {
        "type": "minecraft:creeper",
        "weight": 100,
        "minCount": 4,
        "maxCount": 4
      },
      {
        "type": "minecraft:slime",
        "weight": 100,
        "minCount": 4,
        "maxCount": 4
      },
      {
        "type": "minecraft:enderman",
        "weight": 10,
        "minCount": 1,
        "maxCount": 4
      },
      {
        "type": "minecraft:witch",
        "weight": 5,
        "minCount": 1,
        "maxCount": 1
      },
      {
        "type": "minecraft:ocelot",
        "weight": 2,
        "minCount": 1,
        "maxCount": 1
      }
    ],
    "creature": [
      {
        "type": "minecraft:parrot",
        "weight": 10,
        "minCount": 1,
        "maxCount": 1
      }
    ],
    "ambient": [
      {
        "type": "minecraft:bat",
        "weight": 10,
        "minCount": 8,
        "maxCount": 8
      }
    ],
    "underground_water_creature": [
      {
        "type": "minecraft:glow_squid",
        "weight": 10,
        "minCount": 4,
        "maxCount": 6
      },
      {
        "type": "minecraft:axolotl",
        "weight": 10,
        "minCount": 4,
        "maxCount": 6
      }
    ],
    "water_creature": [],
    "water_ambient": [
      {
        "type": "minecraft:pufferfish",
        "weight": 15,
        "minCount": 1,
        "maxCount": 3
      }
    ],
    "misc": []
  },
  "spawn_costs": {},
  "player_spawn_friendly": false,
  "precipitation": "rain",
  "temperature": 0.5,
  "downfall": 0.8,
  "category": "jungle",
  "depth": 3.7
}
