{
  "scale": 0.0,
  "effects": {
    "mood_sound": {
      "sound": "minecraft:ambient.cave",
      "tick_delay": 6000,
      "block_search_extent": 8,
      "offset": 2
    },
    "sky_color": 5421806,
    "fog_color": 12638463,
    "water_color": 4445678,
    "water_fog_color": 270131
  },
  "surface_builder": "wythers:mushroom_shore",
  "carvers": {
    "air": [
      "terralith:noodle_ravine",
      "terralith:flat_cave",
      "terralith:tall_cave",
      "minecraft:prototype_cave",
      "minecraft:prototype_canyon",
      "minecraft:prototype_crevice"
    ]
  },
  "features": [
    [
      "wythers:underground_rivers/carver/0",
      "wythers:underground_rivers/carver/1",
      "wythers:underground_rivers/carver/2",
      "wythers:underground_rivers/carver/3",
      "wythers:underground_rivers/carver/4",
      "wythers:underground_rivers/carver/5",
      "wythers:underground_rivers/carver/6",
      "wythers:underground_rivers/carver/7",
      "wythers:generic/disk_sand_beach",
      "wythers:mushroom_fields/beach_vegetation",
      "minecraft:patch_grass_forest"
    ],
    [
      "wythers:underground_rivers/surface/sand_1",
      "wythers:underground_rivers/surface/sand_2"
    ],
    [
      "minecraft:amethyst_geode",
      "wythers:underground_rivers/decoration/seagrass"
    ],
    [
      "minecraft:monster_room"
    ],
    [],
    [],
    [
      "wythers:mushroom_fields/disk_sand_seafloor",
      "minecraft:prototype_ore_dirt",
      "minecraft:prototype_ore_gravel",
      "minecraft:prototype_ore_granite",
      "minecraft:prototype_ore_diorite",
      "minecraft:prototype_ore_andesite",
      "minecraft:prototype_ore_tuff",
      "minecraft:prototype_ore_coal_upper",
      "minecraft:prototype_ore_coal_lower",
      "minecraft:prototype_ore_iron_upper",
      "minecraft:prototype_ore_iron_middle",
      "minecraft:prototype_ore_iron_small",
      "minecraft:prototype_ore_gold",
      "minecraft:prototype_ore_redstone",
      "minecraft:prototype_ore_redstone_lower",
      "minecraft:prototype_ore_diamond",
      "minecraft:prototype_ore_diamond_large",
      "minecraft:prototype_ore_lapis",
      "minecraft:prototype_ore_lapis_buried",
      "minecraft:prototype_ore_copper",
      "minecraft:prototype_underwater_magma",
      "wythers:mushroom_fields/ore_grass_block_to_sand"
    ],
    [
      "minecraft:rare_dripstone_cluster",
      "minecraft:rare_small_dripstone"
    ],
    [
      "minecraft:glow_lichen",
      "minecraft:brown_mushroom_normal",
      "minecraft:red_mushroom_normal",
      "wythers:generic/patch_stones_south_2",
      "wythers:generic/patch_stones_east_2",
      "minecraft:warm_ocean_vegetation",
      "wythers:underground_rivers/carver/8",
      "wythers:underground_rivers/carver/9",
      "wythers:underground_rivers/carver/10",
      "wythers:underground_rivers/decoration/cave_vines",
      "wythers:underground_rivers/decoration/cave_vines_extension"
    ],
    [
      "minecraft:freeze_top_layer",
      "wythers:caves/hanging_roots",
      "wythers:caves/grass_roots"
    ]
  ],
  "starts": [
    "more_structures:village_mushroom_field_shore",
    "more_structures:pillager_outpost_mushroom_field_shore",
    "more_structures:bastion_remnant_mushroom_field_shore",
    "minecraft:mineshaft",
    "minecraft:buried_treasure",
    "minecraft:shipwreck_beached",
    "minecraft:ruined_portal_jungle"
  ],
  "spawners": {
    "monster": [
      {
        "type": "minecraft:spider",
        "weight": 100,
        "minCount": 4,
        "maxCount": 4
      },
      {
        "type": "minecraft:skeleton",
        "weight": 100,
        "minCount": 4,
        "maxCount": 4
      },
      {
        "type": "minecraft:creeper",
        "weight": 100,
        "minCount": 4,
        "maxCount": 4
      },
      {
        "type": "minecraft:slime",
        "weight": 100,
        "minCount": 4,
        "maxCount": 4
      },
      {
        "type": "minecraft:enderman",
        "weight": 10,
        "minCount": 1,
        "maxCount": 4
      },
      {
        "type": "minecraft:witch",
        "weight": 5,
        "minCount": 1,
        "maxCount": 1
      }
    ],
    "creature": [
      {
        "type": "minecraft:pig",
        "weight": 10,
        "minCount": 4,
        "maxCount": 4
      },
      {
        "type": "minecraft:parrot",
        "weight": 10,
        "minCount": 2,
        "maxCount": 4
      },
      {
        "type": "minecraft:turtle",
        "weight": 5,
        "minCount": 2,
        "maxCount": 5
      }
    ],
    "ambient": [
      {
        "type": "minecraft:bat",
        "weight": 10,
        "minCount": 8,
        "maxCount": 8
      }
    ],
    "underground_water_creature": [
      {
        "type": "minecraft:glow_squid",
        "weight": 10,
        "minCount": 4,
        "maxCount": 6
      },
      {
        "type": "minecraft:axolotl",
        "weight": 10,
        "minCount": 4,
        "maxCount": 6
      }
    ],
    "water_creature": [
      {
        "type": "minecraft:dolphin",
        "weight": 2,
        "minCount": 1,
        "maxCount": 2
      }
    ],
    "water_ambient": [
      {
        "type": "minecraft:pufferfish",
        "weight": 15,
        "minCount": 1,
        "maxCount": 3
      },
      {
        "type": "minecraft:tropical_fish",
        "weight": 25,
        "minCount": 8,
        "maxCount": 8
      }
    ],
    "misc": []
  },
  "spawn_costs": {},
  "player_spawn_friendly": true,
  "precipitation": "rain",
  "temperature": 0.9,
  "downfall": 0.8,
  "category": "beach",
  "depth": 0.125
}
