{
  "scale": 0.5,
  "effects": {
    "mood_sound": {
      "sound": "minecraft:ambient.cave",
      "tick_delay": 6000,
      "block_search_extent": 8,
      "offset": 2
    },
    "particle": {
      "options": {
        "type": "minecraft:ash"
      },
      "probability": 0.118093334
    },
    "sky_color": 12830407,
    "fog_color": 13882581,
    "water_color": 7499128,
    "water_fog_color": 4341314
  },
  "surface_builder": "wythers:blackstone",
  "carvers": {
    "air": [
      "terralith:noodle_ravine",
      "terralith:flat_cave",
      "terralith:tall_cave",
      "minecraft:prototype_cave",
      "minecraft:prototype_canyon",
"terralith:big_cave_entrance"
    ]
  },
  "starts": [
    "more_structures:village_shattered_savanna_plateau",
    "more_structures:pillager_outpost_shattered_savanna_plateau",
    "more_structures:bastion_remnant_shattered_savanna_plateau",
    "minecraft:stronghold",
    "minecraft:ruined_portal_nether"
  ],
  "features": [
    [],
    [
      "wythers:savanna/lake_volcanic"
    ],
    [
      "minecraft:amethyst_geode"
    ],
    [],
    [
      "wythers:volcanic/ore_basalt",
      "wythers:caves/volcanic_delta",
      "wythers:savanna/delta_magma",
      "wythers:savanna/delta_black_concrete_powder",
      "wythers:savanna/delta_coarse_dirt",
      "wythers:savanna/delta_coal_block"
    ],
    [],
    [
      "wythers:generic/ore_base_basalt",
      "wythers:generic/ore_base_deepslate_lower",
      "wythers:volcanic/replace_netherrack_to_blackstone",
      "minecraft:ore_magma",
      "minecraft:prototype_ore_dirt",
      "minecraft:prototype_ore_gravel",
      "minecraft:prototype_ore_granite",
      "minecraft:prototype_ore_diorite",
      "minecraft:prototype_ore_andesite",
      "minecraft:prototype_ore_tuff",
      "minecraft:prototype_ore_coal_upper",
      "minecraft:prototype_ore_coal_lower",
      "minecraft:prototype_ore_iron_upper",
      "minecraft:prototype_ore_iron_middle",
      "minecraft:prototype_ore_iron_small",
      "minecraft:prototype_ore_gold",
      "minecraft:prototype_ore_redstone",
      "minecraft:prototype_ore_redstone_lower",
      "minecraft:prototype_ore_diamond",
      "minecraft:prototype_ore_diamond_large",
      "minecraft:prototype_ore_lapis",
      "minecraft:prototype_ore_lapis_buried",
      "minecraft:prototype_ore_copper",
      "wythers:ores/ore_diamond_kimberlites"
    ],
    [
      "minecraft:rare_dripstone_cluster",
      "minecraft:rare_small_dripstone"
    ],
    [
      "minecraft:glow_lichen",
      "minecraft:patch_dead_bush_badlands",
      "wythers:generic/patch_grass_dense",
      "wythers:savanna/shattered_plateau_campfire_lava_tall",
      "wythers:savanna/shattered_plateau_campfire_lava_short",
      "wythers:volcanic/basalt_spikes",
      "wythers:volcanic/basalt_spikes_tall"
    ],
    [
      "wythers:caves/volcano_simple_air",
      "wythers:caves/volcano_simple_magma",
      "minecraft:freeze_top_layer",
      "wythers:caves/volcanic_spring_lava",
      "minecraft:spring_lava_double",
      "minecraft:spring_closed_double"
    ]
  ],
  "spawners": {
    "monster": [
      {
        "type": "minecraft:spider",
        "weight": 100,
        "minCount": 4,
        "maxCount": 4
      },
      {
        "type": "minecraft:zombie",
        "weight": 95,
        "minCount": 4,
        "maxCount": 4
      },
      {
        "type": "minecraft:zombie_villager",
        "weight": 5,
        "minCount": 1,
        "maxCount": 1
      },
      {
        "type": "minecraft:skeleton",
        "weight": 100,
        "minCount": 4,
        "maxCount": 4
      },
      {
        "type": "minecraft:creeper",
        "weight": 100,
        "minCount": 4,
        "maxCount": 4
      },
      {
        "type": "minecraft:slime",
        "weight": 100,
        "minCount": 4,
        "maxCount": 4
      },
      {
        "type": "minecraft:enderman",
        "weight": 10,
        "minCount": 1,
        "maxCount": 4
      },
      {
        "type": "minecraft:witch",
        "weight": 5,
        "minCount": 1,
        "maxCount": 1
      }
    ],
    "ambient": [],
    "water_creature": [],
    "water_ambient": [],
    "misc": []
  },
  "spawn_costs": {},
  "player_spawn_friendly": false,
  "precipitation": "none",
  "temperature": 2,
  "downfall": 0,
  "category": "desert",
  "depth": 1
}
