{
  "scale": 0.05,
  "effects": {
    "mood_sound": {
      "sound": "minecraft:ambient.cave",
      "tick_delay": 6000,
      "block_search_extent": 8,
      "offset": 2
    },
    "particle": {
      "options": {
        "type": "minecraft:white_ash"
      },
      "probability": 0.2
    },
    "sky_color": 16777215,
    "fog_color": 13224393,
    "water_color": 4020182,
    "water_fog_color": 329011,
    "foliage_color": 7805192
  },
  "surface_builder": "wythers:snowy_grass",
  "carvers": {
    "air": [
      "terralith:noodle_ravine",
      "terralith:flat_cave",
      "terralith:tall_cave",
      "minecraft:prototype_cave",
      "minecraft:prototype_canyon",
"terralith:big_cave_entrance"
    ]
  },
  "features": [
    [
      "wythers:icy/lake_powder_snow",
      "wythers:generic/feature_fallen_spruce_x",
      "wythers:generic/feature_fallen_spruce_z"
    ],
    [],
    [
      "minecraft:amethyst_geode"
    ],
    [
      "minecraft:monster_room"
    ],
    [],
    [],
    [
      "wythers:icy/cave_snow_layer",
      "minecraft:prototype_ore_dirt",
      "minecraft:prototype_ore_gravel",
      "minecraft:prototype_ore_granite",
      "minecraft:prototype_ore_diorite",
      "minecraft:prototype_ore_andesite",
      "minecraft:prototype_ore_tuff",
      "minecraft:prototype_ore_coal_upper",
      "minecraft:prototype_ore_coal_lower",
      "minecraft:prototype_ore_iron_upper",
      "minecraft:prototype_ore_iron_middle",
      "minecraft:prototype_ore_iron_small",
      "minecraft:prototype_ore_gold",
      "minecraft:prototype_ore_redstone",
      "minecraft:prototype_ore_redstone_lower",
      "minecraft:prototype_ore_diamond",
      "minecraft:prototype_ore_diamond_large",
      "minecraft:prototype_ore_lapis",
      "minecraft:prototype_ore_lapis_buried",
      "minecraft:prototype_ore_copper",
      "wythers:generic/disk_gravel_beach"
    ],
    [
      "minecraft:rare_dripstone_cluster",
      "minecraft:rare_small_dripstone"
    ],
    [
      "minecraft:glow_lichen",
      "wythers:taiga/snowy_vegetation",
      "wythers:taiga/snow_layers"
    ],
    [
      "minecraft:freeze_top_layer",
      "terralith:cave/ice/columns",
      "terralith:cave/ice/surface",
      "terralith:cave/ice/pools",
      "terralith:cave/ice/pools_ring",
      "terralith:cave/ice/pools_ring2",
      "terralith:cave/ice/replacer",
      "terralith:cave/ice/crystal_inside",
      "terralith:cave/ice/no_lava",
      "terralith:cave/ice/ceiling",
      "terralith:cave/dripstone/large_dripstone",
      "terralith:cave/dripstone/dripstone_cluster",
      "terralith:cave/dripstone/small_dripstone",
      "terralith:snowy/snow_9",
      "terralith:snowy/snow_8",
      "terralith:snowy/snow_7",
      "terralith:snowy/snow_6",
      "terralith:snowy/snow_5",
      "terralith:snowy/snow_4",
      "terralith:snowy/snow_3",
      "terralith:snowy/snow_2",
      "terralith:snowy/snow_1",
      "wythers:caves/hanging_roots",
      "wythers:caves/grass_roots"
    ]
  ],
  "starts": [
    "more_structures:village_snowy_taiga",
    "more_structures:pillager_outpost_snowy_taiga",
    "more_structures:bastion_remnant_snowy_taiga",
    "minecraft:igloo",
    "minecraft:mineshaft",
    "minecraft:stronghold",
    "minecraft:ruined_portal"
  ],
  "spawners": {
    "monster": [
      {
        "type": "minecraft:spider",
        "weight": 100,
        "minCount": 4,
        "maxCount": 4
      },
      {
        "type": "minecraft:zombie",
        "weight": 95,
        "minCount": 4,
        "maxCount": 4
      },
      {
        "type": "minecraft:zombie_villager",
        "weight": 5,
        "minCount": 1,
        "maxCount": 1
      },
      {
        "type": "minecraft:skeleton",
        "weight": 100,
        "minCount": 4,
        "maxCount": 4
      },
      {
        "type": "minecraft:creeper",
        "weight": 100,
        "minCount": 4,
        "maxCount": 4
      },
      {
        "type": "minecraft:slime",
        "weight": 100,
        "minCount": 4,
        "maxCount": 4
      },
      {
        "type": "minecraft:enderman",
        "weight": 10,
        "minCount": 1,
        "maxCount": 4
      },
      {
        "type": "minecraft:witch",
        "weight": 5,
        "minCount": 1,
        "maxCount": 1
      },
      {
        "type": "minecraft:stray",
        "weight": 80,
        "minCount": 4,
        "maxCount": 4
      }
    ],
    "creature": [
      {
        "type": "minecraft:wolf",
        "weight": 4,
        "minCount": 4,
        "maxCount": 4
      },
      {
        "type": "minecraft:rabbit",
        "weight": 10,
        "minCount": 2,
        "maxCount": 3
      },
      {
        "type": "minecraft:fox",
        "weight": 6,
        "minCount": 2,
        "maxCount": 4
      }
    ],
    "ambient": [
      {
        "type": "minecraft:bat",
        "weight": 10,
        "minCount": 8,
        "maxCount": 8
      }
    ],
    "underground_water_creature": [
      {
        "type": "minecraft:glow_squid",
        "weight": 10,
        "minCount": 4,
        "maxCount": 6
      }
    ],
    "water_creature": [],
    "water_ambient": [
      {
        "type": "minecraft:salmon",
        "weight": 5,
        "minCount": 1,
        "maxCount": 5
      }
    ],
    "misc": []
  },
  "spawn_costs": {},
  "player_spawn_friendly": false,
  "precipitation": "snow",
  "temperature": -0.5,
  "downfall": 0.4,
  "category": "taiga",
  "depth": 0.125
}
