{
  "scale": 0.425,
  "effects": {
    "mood_sound": {
      "sound": "minecraft:ambient.cave",
      "tick_delay": 6000,
      "block_search_extent": 8,
      "offset": 2
    },
    "sky_color": 7254527,
    "foliage_color": 10387789,
    "grass_color": 9470285,
    "fog_color": 12638463,
    "water_color": 3489035,
    "water_fog_color": 2302743
  },
  "surface_builder": "minecraft:wooded_badlands",
  "carvers": {
    "air": [
      "terralith:noodle_ravine",
      "terralith:flat_cave",
      "terralith:tall_cave",
      "minecraft:prototype_cave",
      "minecraft:prototype_canyon",
"terralith:big_cave_entrance"
    ]
  },
  "features": [
    [],
    [
      "minecraft:lake_water"
    ],
    [
      "minecraft:amethyst_geode"
    ],
    [
      "minecraft:monster_room"
    ],
    [],
    [],
    [
      "wythers:badlands/replace_gravel_to_red_sand",
      "wythers:badlands/replace_gravel_to_red_sand",
      "wythers:badlands/replace_gravel_to_red_sand",
      "wythers:badlands/replace_gravel_to_red_sand",
      "wythers:badlands/replace_gravel_to_red_sand",
      "wythers:badlands/replace_gravel_to_red_sand",
      "minecraft:prototype_ore_dirt",
      "minecraft:prototype_ore_gravel",
      "minecraft:prototype_ore_granite",
      "minecraft:prototype_ore_diorite",
      "minecraft:prototype_ore_andesite",
      "minecraft:prototype_ore_tuff",
      "minecraft:prototype_ore_coal_upper",
      "minecraft:prototype_ore_coal_lower",
      "minecraft:prototype_ore_iron_upper",
      "minecraft:prototype_ore_iron_middle",
      "minecraft:prototype_ore_iron_small",
      "minecraft:prototype_ore_gold",
      "minecraft:prototype_ore_redstone",
      "minecraft:prototype_ore_redstone_lower",
      "minecraft:prototype_ore_diamond",
      "minecraft:prototype_ore_diamond_large",
      "minecraft:prototype_ore_lapis",
      "minecraft:prototype_ore_lapis_buried",
      "minecraft:prototype_ore_copper",
      "minecraft:prototype_underwater_magma",
      "minecraft:ore_gold_extra",
      "wythers:badlands/plateaus_highland_ore_replace_grass_to_terracotta",
      "wythers:badlands/plateaus_highland_ore_replace_coarse_dirt_to_terracotta"
    ],
    [
      "minecraft:rare_dripstone_cluster",
      "minecraft:rare_small_dripstone"
    ],
    [
      "minecraft:glow_lichen",
      "wythers:badlands/wooded_vegetation",
      "minecraft:patch_grass_savanna",
      "minecraft:patch_dead_bush_badlands",
      "minecraft:brown_mushroom_normal",
      "minecraft:red_mushroom_normal",
      "minecraft:spring_water"
    ],
    [
      "minecraft:freeze_top_layer",
      "terralith:cave/lush/lush_caves_ceiling_vegetation",
      "terralith:cave/lush/cave_vines",
      "terralith:cave/lush/lush_caves_clay",
      "terralith:cave/lush/lush_caves_vegetation",
      "terralith:cave/lush/rooted_azalea_trees",
      "terralith:cave/lush/spore_blossom",
      "terralith:cave/lush/classic_vines_cave_feature",
      "terralith:cave/thermal/ceiling_lower",
      "terralith:cave/thermal/ceiling_upper",
      "terralith:cave/thermal/ceiling_lower_small",
      "terralith:cave/thermal/ceiling_upper_small",
      "terralith:cave/thermal/pools",
      "terralith:cave/thermal/pools_carver",
      "terralith:cave/thermal/ceiling_carver",
      "terralith:cave/thermal/magma2",
      "terralith:cave/thermal/springs",
      "terralith:cave/desert/ceiling",
      "terralith:cave/desert/surface",
      "terralith:cave/desert/cracks",
      "terralith:cave/desert/lava",
      "terralith:cave/desert/dead_bush",
      "wythers:caves/hanging_roots",
      "wythers:caves/grass_roots"
    ]
  ],
  "starts": [
    "more_structures:village_wooded_badlands_plateau",
    "more_structures:pillager_outpost_wooded_badlands_plateau",
    "more_structures:bastion_remnant_wooded_badlands_plateau",
    "minecraft:mineshaft_mesa",
    "minecraft:stronghold",
    "minecraft:ruined_portal_mountain"
  ],
  "spawners": {
    "monster": [
      {
        "type": "minecraft:spider",
        "weight": 100,
        "minCount": 4,
        "maxCount": 4
      },
      {
        "type": "minecraft:zombie",
        "weight": 95,
        "minCount": 4,
        "maxCount": 4
      },
      {
        "type": "minecraft:zombie_villager",
        "weight": 5,
        "minCount": 1,
        "maxCount": 1
      },
      {
        "type": "minecraft:skeleton",
        "weight": 100,
        "minCount": 4,
        "maxCount": 4
      },
      {
        "type": "minecraft:creeper",
        "weight": 100,
        "minCount": 4,
        "maxCount": 4
      },
      {
        "type": "minecraft:slime",
        "weight": 100,
        "minCount": 4,
        "maxCount": 4
      },
      {
        "type": "minecraft:enderman",
        "weight": 10,
        "minCount": 1,
        "maxCount": 4
      },
      {
        "type": "minecraft:witch",
        "weight": 5,
        "minCount": 1,
        "maxCount": 1
      }
    ],
    "creature": [
      {
        "type": "minecraft:wolf",
        "weight": 2,
        "minCount": 4,
        "maxCount": 4
      },
      {
        "type": "minecraft:goat",
        "weight": 12,
        "minCount": 4,
        "maxCount": 4
      },
      {
        "type": "minecraft:rabbit",
        "weight": 10,
        "minCount": 4,
        "maxCount": 4
      }
    ],
    "ambient": [
      {
        "type": "minecraft:bat",
        "weight": 10,
        "minCount": 8,
        "maxCount": 8
      }
    ],
    "underground_water_creature": [],
    "water_creature": [],
    "water_ambient": [],
    "misc": []
  },
  "spawn_costs": {},
  "player_spawn_friendly": false,
  "precipitation": "rain",
  "temperature": 0.25,
  "downfall": 0.3,
  "category": "mesa",
  "depth": 2
}
