{
  "type": "minecraft:vegetation_patch",
  "config": {
    "surface": "floor",
    "depth": 2,
    "vertical_range": 5,
    "extra_bottom_block_chance": 0,
    "extra_edge_column_chance": 1,
    "vegetation_chance": 0,
    "xz_radius": {
      "type": "minecraft:uniform",
      "value": {
        "min_inclusive": 4,
        "max_inclusive": 7
      }
    },
    "replaceable": "wythers:geode_blocks",
    "ground_state": {
      "type": "minecraft:simple_state_provider",
      "state": {
        "Name": "minecraft:calcite"
      }
    },
    "vegetation_feature": "minecraft:moss_vegetation"
  }
}