{
  "type": "minecraft:decorated",
  "config": {
    "decorator": {
      "type": "minecraft:count_extra",
      "config": {
        "count": 1000,
        "extra_count": 0,
        "extra_chance": 0
      }
    },
    "feature": {
      "type": "minecraft:decorated",
      "config": {
        "decorator": {
          "type": "minecraft:square",
          "config": {}
        },
        "feature": {
          "type": "minecraft:decorated",
          "config": {
            "decorator": {
              "type": "minecraft:range",
              "config": {
                "height": {
                  "type": "minecraft:uniform",
                  "min_inclusive": {
                    "absolute": -54
                  },
                  "max_inclusive": {
                    "absolute": 60
                  }
                }
              }
            },
            "feature": {
              "type": "minecraft:random_selector",
              "config": {
                "features": [
                  {
                    "chance": 0.1,
                    "feature": {
                      "type": "minecraft:simple_block",
                      "config": {
                        "to_place": {
                          "type": "minecraft:simple_state_provider",
                          "state": {
                            "Name": "minecraft:sea_pickle",
                            "Properties": {
                              "pickles": "4",
                              "waterlogged": "true"
                            }
                          }
                        },
                        "place_on": [
                          {
                            "Name": "minecraft:deepslate",
                            "Properties": {
                              "axis": "y"
                            }
                          },
                          {
                            "Name": "minecraft:andesite"
                          },
                          {
                            "Name": "minecraft:dripstone_block"
                          },
                          {
                            "Name": "minecraft:stone"
                          }
                        ],
                        "place_in": [
                          {
                            "Name": "minecraft:water",
                            "Properties": {
                              "level": "0"
                            }
                          }
                        ],
                        "place_under": [
                          {
                            "Name": "minecraft:water",
                            "Properties": {
                              "level": "0"
                            }
                          }
                        ]
                      }
                    }
                  },
                  {
                    "chance": 0.2,
                    "feature": {
                      "type": "minecraft:simple_block",
                      "config": {
                        "to_place": {
                          "type": "minecraft:simple_state_provider",
                          "state": {
                            "Name": "minecraft:sea_pickle",
                            "Properties": {
                              "pickles": "3",
                              "waterlogged": "true"
                            }
                          }
                        },
                        "place_on": [
                          {
                            "Name": "minecraft:deepslate",
                            "Properties": {
                              "axis": "y"
                            }
                          },
                          {
                            "Name": "minecraft:andesite"
                          },
                          {
                            "Name": "minecraft:dripstone_block"
                          },
                          {
                            "Name": "minecraft:stone"
                          }
                        ],
                        "place_in": [
                          {
                            "Name": "minecraft:water",
                            "Properties": {
                              "level": "0"
                            }
                          }
                        ],
                        "place_under": [
                          {
                            "Name": "minecraft:water",
                            "Properties": {
                              "level": "0"
                            }
                          }
                        ]
                      }
                    }
                  },
                  {
                    "chance": 0.3,
                    "feature": {
                      "type": "minecraft:simple_block",
                      "config": {
                        "to_place": {
                          "type": "minecraft:simple_state_provider",
                          "state": {
                            "Name": "minecraft:sea_pickle",
                            "Properties": {
                              "pickles": "2",
                              "waterlogged": "true"
                            }
                          }
                        },
                        "place_on": [
                          {
                            "Name": "minecraft:deepslate",
                            "Properties": {
                              "axis": "y"
                            }
                          },
                          {
                            "Name": "minecraft:andesite"
                          },
                          {
                            "Name": "minecraft:dripstone_block"
                          },
                          {
                            "Name": "minecraft:stone"
                          }
                        ],
                        "place_in": [
                          {
                            "Name": "minecraft:water",
                            "Properties": {
                              "level": "0"
                            }
                          }
                        ],
                        "place_under": [
                          {
                            "Name": "minecraft:water",
                            "Properties": {
                              "level": "0"
                            }
                          }
                        ]
                      }
                    }
                  }
                ],
                "default": {
                  "type": "minecraft:simple_block",
                  "config": {
                    "to_place": {
                      "type": "minecraft:simple_state_provider",
                      "state": {
                        "Name": "minecraft:sea_pickle",
                        "Properties": {
                          "pickles": "1",
                          "waterlogged": "true"
                        }
                      }
                    },
                    "place_on": [
                      {
                        "Name": "minecraft:deepslate",
                        "Properties": {
                          "axis": "y"
                        }
                      },
                      {
                        "Name": "minecraft:andesite"
                      },
                      {
                        "Name": "minecraft:dripstone_block"
                      },
                      {
                        "Name": "minecraft:stone"
                      }
                    ],
                    "place_in": [
                      {
                        "Name": "minecraft:water",
                        "Properties": {
                          "level": "0"
                        }
                      }
                    ],
                    "place_under": [
                      {
                        "Name": "minecraft:water",
                        "Properties": {
                          "level": "0"
                        }
                      }
                    ]
                  }
                }
              }
            }
          }
        }
      }
    }
  }
}