{
  "type": "minecraft:growing_plant",
  "config": {
    "direction": "down",
    "allow_water": false,
    "height_distribution": [
      {
        "weight": 5,
        "data": {
          "type": "minecraft:uniform",
          "value": {
            "min_inclusive": 1,
            "max_inclusive": 2
          }
        }
      },
      {
        "weight": 1,
        "data": {
          "type": "minecraft:uniform",
          "value": {
            "min_inclusive": 3,
            "max_inclusive": 4
          }
        }
      }
    ],
    "body_provider": {
      "type": "minecraft:simple_state_provider",
      "state": {
        "Name": "minecraft:weeping_vines_plant"
      }
    },
    "head_provider": {
      "type": "minecraft:randomized_int_state_provider",
      "property": "age",
      "values": {
        "type": "minecraft:uniform",
        "value": {
          "min_inclusive": 17,
          "max_inclusive": 25
        }
      },
      "source": {
        "type": "minecraft:simple_state_provider",
        "state": {
          "Name": "minecraft:weeping_vines",
          "Properties": {
            "age": "0"
          }
        }
      }
    }
  }
}